﻿<?xml version="1.0" encoding="utf-8"?>
<Package xmlns="http://schemas.microsoft.com/appx/manifest/foundation/windows10" xmlns:uap="http://schemas.microsoft.com/appx/manifest/uap/windows10" xmlns:uap2="http://schemas.microsoft.com/appx/manifest/uap/windows10/2" xmlns:uap3="http://schemas.microsoft.com/appx/manifest/uap/windows10/3" xmlns:uap10="http://schemas.microsoft.com/appx/manifest/uap/windows10/10" xmlns:desktop7="http://schemas.microsoft.com/appx/manifest/desktop/windows10/7" xmlns:rescap="http://schemas.microsoft.com/appx/manifest/foundation/windows10/restrictedcapabilities" IgnorableNamespaces="uap uap2 uap3 uap10 desktop7 rescap">
  <!--Package created by MSIX Packaging Tool version: 1.2024.405.0-->
  <Identity Name="NLock" Publisher="CN=Narula.NLock" Version="1.0.0.0" ProcessorArchitecture="x64" />
  <Properties>
    <DisplayName>NLock</DisplayName>
    <PublisherDisplayName>Narula</PublisherDisplayName>
    <Description>NLock</Description>
    <Logo>Assets\StoreLogo.png</Logo>
    <uap10:PackageIntegrity>
      <uap10:Content Enforcement="on" />
    </uap10:PackageIntegrity>
  </Properties>
  <Resources>
    <Resource Language="en-us" />
  </Resources>
  <Dependencies>
    <TargetDeviceFamily Name="Windows.Desktop" MinVersion="10.0.17763.0" MaxVersionTested="10.0.22000.1" />
  <PackageDependency Name="Microsoft.WindowsAppRuntime.1.4" MinVersion="4000.1010.1349.0" Publisher="CN=Microsoft Corporation, O=Microsoft Corporation, L=Redmond, S=Washington, C=US" /></Dependencies>
  <Capabilities>
    <rescap:Capability Name="runFullTrust" />
  </Capabilities>
<Applications><Application Id="NLOCK" Executable="VFS\ProgramFilesX86\Narula\NLock\NLock.Lock.exe" EntryPoint="Windows.FullTrustApplication"><uap:VisualElements BackgroundColor="transparent" DisplayName="Lock" Square150x150Logo="Assets\NLOCK-Square150x150Logo.png" Square44x44Logo="Assets\NLOCK-Square44x44Logo.png" Description="Lock"><uap:DefaultTile Wide310x150Logo="Assets\NLOCK-Wide310x150Logo.png" Square310x310Logo="Assets\NLOCK-Square310x310Logo.png" Square71x71Logo="Assets\NLOCK-Square71x71Logo.png" /></uap:VisualElements><Extensions><desktop7:Extension Category="windows.shortcut"><desktop7:Shortcut File="[{Programs}]\NLock\Lock.lnk" Icon="[{Package}]\VFS\ProgramFilesX86\Narula\NLock\NLock.Lock.exe" Description="Lock files" /></desktop7:Extension></Extensions></Application><Application Id="NLOCK00" Executable="VFS\ProgramFilesX86\Narula\NLock\NLock.Unlock.exe" EntryPoint="Windows.FullTrustApplication"><uap:VisualElements BackgroundColor="transparent" DisplayName="NLock Unlock" Square150x150Logo="Assets\NLOCK00-Square150x150Logo.png" Square44x44Logo="Assets\NLOCK00-Square44x44Logo.png" Description="NLock Unlock"><uap:DefaultTile Wide310x150Logo="Assets\NLOCK00-Wide310x150Logo.png" Square310x310Logo="Assets\NLOCK00-Square310x310Logo.png" Square71x71Logo="Assets\NLOCK00-Square71x71Logo.png" /></uap:VisualElements><Extensions><desktop7:Extension Category="windows.shortcut"><desktop7:Shortcut File="[{Programs}]\NLock\NLock Unlock.lnk" Icon="[{Package}]\VFS\ProgramFilesX86\Narula\NLock\NLock.Unlock.exe" Description="Unlock .nlock files" /></desktop7:Extension><uap3:Extension Category="windows.fileTypeAssociation"><uap3:FileTypeAssociation Name="nlock"><uap:SupportedFileTypes><uap:FileType>.nlock</uap:FileType></uap:SupportedFileTypes><uap2:SupportedVerbs><uap3:Verb Id="unlock" Parameters="[{ProgramFilesX86}]\Narula\NLock\NLock.Unlock.exe %1">unlock</uap3:Verb></uap2:SupportedVerbs></uap3:FileTypeAssociation></uap3:Extension></Extensions></Application></Applications></Package>