<?xml version="1.0" encoding="UTF-8" standalone="no"?>
<BlockMap xmlns="http://schemas.microsoft.com/appx/2010/blockmap" xmlns:b4="http://schemas.microsoft.com/appx/2021/blockmap" IgnorableNamespaces="b4" HashMethod="http://www.w3.org/2001/04/xmlenc#sha256"><File Name="VFS\ProgramFilesX86\Narula\NLock\NLock.Unlock.pdb" Size="18720" LfhSize="79"><Block Hash="06JIpfBZv5kK01SVatPrl1K6BufITQX7E8hVuLLdfqQ=" Size="11089"/></File><File Name="VFS\ProgramFilesX86\Narula\NLock\NLock.Lock.pdb" Size="23492" LfhSize="77"><Block Hash="onrVqlg/24YL3Uoja38OJSBu/uh2g3uBfi6lobKasuE=" Size="13101"/></File><File Name="VFS\ProgramFilesX86\Narula\NLock\NLock.png" Size="322780" LfhSize="72"><Block Hash="4uLXhnbH9r2fe2g9/n1DuIhZwNEoeMwIt+qYDAtlMwM="/><Block Hash="7feVKdqq6nsjsrCLWEuZ8jG7h2x9O5q1PiGzJRXy9oE="/><Block Hash="BULWJigkuPTalzAynYkM4bVWpbMI8lLPjG4WJByjowU="/><Block Hash="o9De95ynmWz32Hvu/clMrSeDHpX3fWION9vMwVN1xMo="/><Block Hash="klLWZ4H+9ctOkouhi58rruk59hFUAG+CDyRlH6Yff5c="/><b4:FileHash Hash="BXhuO2ENskGvLUB/F+4DO3Zf4gdxNS1lDXVWDl9U4Cs="/></File><File Name="VFS\ProgramFilesX86\Narula\NLock\QRCoder.dll" Size="144896" LfhSize="74"><Block Hash="Wdvc/979X46R86408OIOvLrldLOcI75yXfCC7FIYo3w=" Size="28687"/><Block Hash="0fgw7S0/j5lhmvc/m/j+wSQKlCxqItQd9JFljFfk9Lo=" Size="26734"/><Block Hash="aUBv5O/qaZ+zSF6+XjOEdYEx4NDvxGM268wqIBtU6V0=" Size="6187"/><b4:FileHash Hash="ZZENZG2dWik5RxZTI/QywoWv0pqZEOIKItkm3hmN59k="/></File><File Name="VFS\ProgramFilesX86\Narula\NLock\Narula.File.NLock.Lib.dll" Size="265216" LfhSize="88"><Block Hash="g0rQLOFYGmv0AM3DAX2SYx5CT7SJKbsOJ6NmZBsiiA8=" Size="35834"/><Block Hash="ulyZgkIiiGCx2EqMM+5JETVCIWDf5ETTBJMkIInKuNk=" Size="31102"/><Block Hash="01arxk7jp9jnzfgzUO2cOyHblV/wydTlD1GRl2m8BJs=" Size="35049"/><Block Hash="EJK4g7Hm87E/uiM/ZRqmbfmmaU1hbOoG2i2niO5NyvY=" Size="65561"/><Block Hash="RxaVnyZo7WweMKkUtSkm6COxy4c2dZcEWf1zNCR0hw0=" Size="1749"/><b4:FileHash Hash="GvSxC6UjLFnunLc1i3dNL5H5iJ2QLdf9yCKCRoSg3uI="/></File><File Name="VFS\ProgramFilesX86\Narula\NLock\Otp.NET.dll" Size="17920" LfhSize="74"><Block Hash="Pq11cgR/xRtR3ipFd7HRjtj6xOvKtzNlHQt1kS0opME=" Size="8765"/></File><File Name="VFS\ProgramFilesX86\Narula\NLock\NLockIcon" Size="322780" LfhSize="72"><Block Hash="4uLXhnbH9r2fe2g9/n1DuIhZwNEoeMwIt+qYDAtlMwM=" Size="65322"/><Block Hash="7feVKdqq6nsjsrCLWEuZ8jG7h2x9O5q1PiGzJRXy9oE=" Size="65561"/><Block Hash="BULWJigkuPTalzAynYkM4bVWpbMI8lLPjG4WJByjowU=" Size="65518"/><Block Hash="o9De95ynmWz32Hvu/clMrSeDHpX3fWION9vMwVN1xMo=" Size="65551"/><Block Hash="klLWZ4H+9ctOkouhi58rruk59hFUAG+CDyRlH6Yff5c=" Size="60630"/><b4:FileHash Hash="BXhuO2ENskGvLUB/F+4DO3Zf4gdxNS1lDXVWDl9U4Cs="/></File><File Name="VFS\ProgramFilesX86\Narula\NLock\NLock.Unlock.runtimeconfig.json" Size="516" LfhSize="94"><Block Hash="BZF7QJ1ZrzG8jTAhvAYwKgwhx9BbRJYD1syfAwGitmw=" Size="275"/></File><File Name="VFS\ProgramFilesX86\Narula\NLock\NLock.Unlock.deps.json" Size="2327" LfhSize="85"><Block Hash="2yIER83OXAeRoYiBkVaypsZb5/iHlAfG/FfpwCqC+YA=" Size="629"/></File><File Name="VFS\ProgramFilesX86\Narula\NLock\NLock.Lock.exe" Size="396288" LfhSize="77"><Block Hash="2zDhEGhPr4Vm1K6NVY8HKxzTtJaxtZMvpqtFBiJTBmk=" Size="31589"/><Block Hash="W9EhcJQjcD93pZeU+w913U3a3osGruc0hgtnadpTXSg=" Size="25899"/><Block Hash="j7eAI1iiCAqm9NcTkwimnuhp77Vj5em7tWiaOBq5QFw=" Size="34570"/><Block Hash="qYdfGYsCd8ruS/EUQsSdkK5+xv2Q1u3HEp/xIkPNqCE=" Size="31064"/><Block Hash="rZPLDg0krxF4K70MlvMXpBBicTGrr0A9UWi3USzrYrI=" Size="35111"/><Block Hash="WWKz8VKOR0sjZFz73ZxuviGZIKqUS4zK0Sxde+4KUk0=" Size="65561"/><Block Hash="5x+Rk9qjIyNgA0YcvuVPZ6+09mHS0YJPYzydyxdiRUw=" Size="1967"/><b4:FileHash Hash="vFbm1SZo1piPLWYbOuyyaePwGwz3dRo2jYZcW0nyDQk="/></File><File Name="VFS\ProgramFilesX86\Narula\NLock\Narula.File.NLock.Lib.UI.dll" Size="5586432" LfhSize="91"><Block Hash="ibwP+R9Zch3ysRZD8dO+T1za6ZforC36Vz5OLc7+MRk=" Size="39285"/><Block Hash="4RWlqVsH14303ioDXqpaF6osqP41eiyhwRjzzycWG6I=" Size="52690"/><Block Hash="ee+Mj7b6ZuvQ3+X+HNc9Vulo6WODKWFE64a47tcRjFA=" Size="65561"/><Block Hash="FipUSp1pkbpug/eK1bccrvXf474dMueZ/NjwDoB9Xi8=" Size="65561"/><Block Hash="ecmzSDQl2uqJy/sJoVHCSuHC9IVBU7wGYbz0+dq4t/Q=" Size="65561"/><Block Hash="PkdG7eP1xqmB/xQzZ04iJ8Mz+8xOw9/rcGZdhu7O0do=" Size="65561"/><Block Hash="jxQjldyrVif7h6pA4sGrOA5HzFZX2kE5rZU+d1B1no4=" Size="65561"/><Block Hash="limG8E4NoEXAICu9YHRetvc7QIZpBABQ+PFS1Yn9kcY=" Size="65561"/><Block Hash="wG223lTtWVkN2NW7beg/gha2gRWxE7rpnoDGU2wQj9I=" Size="65530"/><Block Hash="hylPJkRoYayXWWT5QWHe8kW9FBQJICi70cA4S5dMMio=" Size="65544"/><Block Hash="tg6S4adspZyTTH9d2hkLwMC26WqzGF8t3UM62sTKiwk=" Size="65561"/><Block Hash="s3YaTBLgQuRAsV3VRrz9gxPop1S0TuX8jpt58Dj9rh0=" Size="65561"/><Block Hash="Z+Wjg4RgZOb4p4YrJY6nLiCM+Fvqf/wL2VtD3xSVx90=" Size="65549"/><Block Hash="5jhpLJMO6Eu3QYlDgnUJFRge11JE6xpMqIaIj5+MUys=" Size="65561"/><Block Hash="3/S19nx1stwsEvUr8BXBjTDo7UDSi+7l7TYFsxIqYvA=" Size="65556"/><Block Hash="V5Y5TtoGcNRdEleDMmhWq+puopbGJgeiOnxm3fY60Xs=" Size="65561"/><Block Hash="bG20Efkd6f9uBAqGeS9dipAhcb61oGpr2RTovJnSJ1A=" Size="65561"/><Block Hash="B8VsXCL8luJ4Dw8XZ7TPBDFJqjfjvJ9Cjqg5hzz65jE=" Size="65553"/><Block Hash="1UV/hSazotV5hkPx4Kp94wTpuuC3ctYcH3SlQWNJYxY=" Size="65557"/><Block Hash="g/2mkUZ5YgWrP/iQKpreuk9awhZ23OKYkcf01AeunEA=" Size="65559"/><Block Hash="AahddCoAirj+xhn2Vv3Qd+LX8P/1OEMeyzKtwszbkqg=" Size="65561"/><Block Hash="PYPhYLy1ePDo2+efMuyu5wv28sxTs+69DzrXJr0ZNFA=" Size="65561"/><Block Hash="ke1j/fzdKuHS6MgSpEyouwKkzQxSgYCvyyqGl8eCU+U=" Size="65561"/><Block Hash="wTh2Rk1JyU4bQ98XtHL701Phf6JqJGaH3RWpBspoZVY=" Size="65561"/><Block Hash="y+xzWWaShXn1EIRMMFey741Kk3TJbY95GwirJZS9SWs=" Size="65557"/><Block Hash="3AoA63VYnalUbwY7Uy6NSGJkPu8sjE8JgR9BaCPu/0o=" Size="65561"/><Block Hash="SlZD25QVwRLqlUiM0OUdEWpKsY3J+C6ZlUQcDTq05dk=" Size="65449"/><Block Hash="G+zfVcxAIBG08wGxTodtPFTOUUVa3f0HPJAynXr4gHg=" Size="65533"/><Block Hash="/vZHKAhbdV9ZFTkueqYYKKWLzGyTfSGyt30gHrU7wh8=" Size="65435"/><Block Hash="glKW8jASU7Rw6vz4TdxGTRkDImn80uonXn/XTpwRtH0=" Size="65404"/><Block Hash="62s7JLVIokbJwbYUJSgizD5ooaW9anvmjfjF2LK8zGg=" Size="35737"/><Block Hash="hB8VTbGMDEHe8hHL5G1BQIXt7/+baZ9m/M0P6PeRCJA=" Size="32155"/><Block Hash="6IzOJMw00WTyxiJ+iOZJP2Tz/iwg871IPIYIlBE+NW8=" Size="44710"/><Block Hash="aZKRjVBfE7V7Fb2JBd3YZL/bR+9Q23FnfY7bfvMU3g0=" Size="65504"/><Block Hash="kVggJRRORKy5qHfG2vKcm7E7dCiAfy1FOw39EsQyOdQ=" Size="65420"/><Block Hash="1D/UdApO7vpNgj81VvNcFmD82NNjWONf6G9O5bGcAo8=" Size="65561"/><Block Hash="86KhUpNzUDqy41qrjkKjY++1VDRqGyv/u3lmSXMWlPE=" Size="65557"/><Block Hash="F8Q0UKy3cE6PFp+wAhd8jfEj0u1clju0RZrokqdIbaA=" Size="65558"/><Block Hash="JO3ayKfK4wLE8XT/2X+uAiWJ8W7LjGOMvc3pPapJK7I=" Size="54789"/><Block Hash="RsFHbJRmGsPZISfKsu78Rtb1G18iZ6TaCy74Uw2Xndk=" Size="28680"/><Block Hash="O1UCWMYt6OlDdZapAyD1zdCdl1H82/sTJ5iCnTfIF+g=" Size="26196"/><Block Hash="spI5CmN0xD+SmEPtp0fKH7XDmkF+O0n19hf50jsnVdg=" Size="60183"/><Block Hash="CQFIDbpxwNieLxiCQ0cx3crMG4b+7z/VqRic1RBxUX0=" Size="65195"/><Block Hash="MYDSmvewRfYVz1lcNLzk4o1KdruGMnSv+LNEIZLjsFM=" Size="65550"/><Block Hash="taExqNM1ToAKBVLuICQkPEJsLrfld/AdjEcnj6uvLK4=" Size="65553"/><Block Hash="mBXtzst93sIha9OQr0rx5X+kObM64b1kY8WiJ0MPW9A=" Size="65561"/><Block Hash="G7xrz1hlc6xmiWwNxUnztHCCe7520+gt0xaXWqkbx1k=" Size="64396"/><Block Hash="CBcF15XTEUMgPgcjsO15psOzNg48xZEPOywzSTJiDmg=" Size="65427"/><Block Hash="cF/1AsHAOUWofVbVdY/QAG1YXjH8stjyYM71N5tdOgc=" Size="65555"/><Block Hash="PmT1v7C7UVf2R5qMtfc92/0eGzO3ZsVHkWYPlLkiuJc=" Size="65549"/><Block Hash="pl/Xn0vwWBO+k8oON5jJTZ/xKGG3YFzs5YafFtUIHEI=" Size="65548"/><Block Hash="hPuafUrv/24F5IAiiFYuSDqZrd3Oa7wCUfJolNF95ZI=" Size="52255"/><Block Hash="x1CwdGuiK4Fc5VNTAYtxA9bOijV+Dg8Y/35znU7JqZI=" Size="52600"/><Block Hash="pP+065Pfb+WSPMbSp/5JNBwuM5p8PRwXXT0G6ziyg1Y=" Size="65561"/><Block Hash="DQ6cQYFp1krlJX+Ej0anbfWOeeain3/nwub+Dtqdt58=" Size="65561"/><Block Hash="/1JXy9OCInO/lDAd2Awo/p/JN+2jlVHIdxfQw91jAFA=" Size="65561"/><Block Hash="rj4123/VYlY/k8nzj5LCqn5Nu+yQ9KYHtf8guW4xIuY=" Size="65561"/><Block Hash="GMNGc6rkXRq0UYuhwO4y+7eJoNd7+gRe3t6YKk+Q9Qg=" Size="65553"/><Block Hash="6Bo6Gh5RYfbdZnPhXEgz0czHVkvA6UjZyZ3n+53EX7c=" Size="65561"/><Block Hash="1FNYwi5baKBH7f/XFldpVZKs7hgHawj/OywCxxwA4nM=" Size="65561"/><Block Hash="khfA6ZE4mCMtAntHX4VQYUvyzT7Tv2eu8br3FOTpKX4=" Size="65530"/><Block Hash="4Rtlw96ipB/kzzjDONNxeBB84xmRdHPkfyhEza+9lSg=" Size="65561"/><Block Hash="GHXWYrvei8jsqsvmshshVQwmKrjRVW4zLYxxBDlDnw4=" Size="65561"/><Block Hash="Pmyse+WDKoiob9NeEIhcb6mn7V2IKXQqHps04rYabG0=" Size="65550"/><Block Hash="F9WOs+VXNnlzbwFGrI3XtL4NU3hhNrpWuUXPGggIASg=" Size="65561"/><Block Hash="w9gPLDbHfOtXreHnkyPEWboxAcmMuhsHUj3udwt26qY=" Size="65561"/><Block Hash="2hxWsooh5Ohn/QLiy+lWECiS8Oabg1tXcG53nARCW0U=" Size="65561"/><Block Hash="QLJHp532wwhzynOJcYSfHuwA19uFm2IkzMzS3+JxnVk=" Size="65561"/><Block Hash="Y9Kh/TM2w1OLq4FoTZBcbCv7h3gtmrefKDSZPYpyB9I=" Size="65548"/><Block Hash="+hLRKJxZn8XDmSmnXZ2e4g9y+vIiB2I4zHAuPgV7MFI=" Size="65558"/><Block Hash="eiM67bMhtnGZXiKzP+GJ/yqDYq5/uGIL3F0VxMroYE8=" Size="65561"/><Block Hash="ciRfOHU8HJkdm59GrfVInV/DclMyZX/UvSX7NVl0cy0=" Size="65561"/><Block Hash="qy6CkVdas2oNO5R9y7qwJA8zSsBaWGmsBmZKRHaesAc=" Size="65561"/><Block Hash="o8k/iH1RfI1LPksAHIFP2MPI4i5CciitDLa/KTaOdVI=" Size="65561"/><Block Hash="OuVSNQ3SGHYPKpMJ21md1YuF+3y+KAJufYq6T9/QBUw=" Size="65561"/><Block Hash="QCce8PndqhvnFsI43WLNc36OMiTvK3f3ZJdPZiUqEMg=" Size="65555"/><Block Hash="ZUo6K2fxL3bFGLMbRfQcFjpbU35iEjZ4GlxTDdVAqms=" Size="65561"/><Block Hash="gCembVL+dt1RIuEEfUdLgORKw/Hjbi3i30NZgszqyW0=" Size="65534"/><Block Hash="KW+tCzBsQQX6ovG1uncyuf0u0jJBscH6oIdL/s5C5sc=" Size="65464"/><Block Hash="xlyrJFM0h+6lQukNyDdzd69Y0q/wLVFebk7/MlnvKaA=" Size="65472"/><Block Hash="dBsIbAxs0adl8g1hVxDvsmz/LEaKJuCtLiUPSOw4XFY=" Size="65392"/><Block Hash="8x7ECnqi5Vqi23qkIZmqCOe7YQXDAwQuE/D9Czeqo5M=" Size="52834"/><Block Hash="7zNK4ux6lyonA/zabjPZJhosetv5MlDW015laq9jfUU=" Size="30902"/><Block Hash="C/6MZ/Ytep681cJlXLteIn4xNetjbR4siHfMqgszKL8=" Size="29639"/><Block Hash="i7b9++m7Yhn8a3rf3crkZCOT48ZlvlkyOmLmSSLhH7c=" Size="63796"/><Block Hash="7F1+otqcCz+/sMif085RnfEprf2PjKul0ZmUj2QCL9c=" Size="14620"/><b4:FileHash Hash="0PJqDPXGGA1yFONHJaKIywO8j9ilFmGW2pM1QnGAz6M="/></File><File Name="VFS\ProgramFilesX86\Narula\NLock\NUnlock.ico" Size="227239" LfhSize="74"><Block Hash="6kpwkQs4z8zAHjQmIy/dEkqEOnCchxX6Pxkd/9rg1+Y=" Size="31318"/><Block Hash="1xOvlmylINQIgYTdgSqtqQpT33Hdadhledc0T93S9U0=" Size="29043"/><Block Hash="34/ku3kj8HbaZLqeb/0Bbcop+AWXJ/lPZ3q/mVIckSo=" Size="43914"/><Block Hash="mQQwy3d0MRS3/G+RvrvGEduWLD1b2cQHGOc7tLpqx3k=" Size="30642"/><b4:FileHash Hash="dngihquyYzDCkIuAlYqDXM+SWlL+G5buoOmtUBr969U="/></File><File Name="VFS\ProgramFilesX86\Narula\NLock\NUnlockIcon" Size="272379" LfhSize="74"><Block Hash="ct8qmulWZOtvwUuGjsUz7zKdbPfwsPdOHOhRxqWYL/8=" Size="65162"/><Block Hash="3JohnQG5Goo9R4O8s8twsqbHIFwhd/fVusZh7iEuaIQ=" Size="65557"/><Block Hash="i7p3EVxjhfFpiCzIecJToJm44K4d6rmAsO9I3475vaQ=" Size="65552"/><Block Hash="hKKPSneTk+Rg6xhA5EgdyKEB1HS5FmcM28B7RGilBlc=" Size="65561"/><Block Hash="lOD2p5b7h53IeFYASDELXtuIqmuO+RHqF2NODSeWtd4=" Size="10136"/><b4:FileHash Hash="YiTBKG/L1KvydFcOwGbFhdi5yvpvcRzEFTdY/STgwFI="/></File><File Name="VFS\ProgramFilesX86\Narula\NLock\NLock.Unlock.exe" Size="384512" LfhSize="79"><Block Hash="l1LXJPnH/rYZZC/WkT0DzZb0S+gfV8O/lY/CQuLwpOo=" Size="31588"/><Block Hash="W9EhcJQjcD93pZeU+w913U3a3osGruc0hgtnadpTXSg=" Size="25899"/><Block Hash="BkC+ZoYZy8TAR2YI1678fTs5Nsc+wnTc2iiVARZDvi8=" Size="32347"/><Block Hash="EL6nTWFh0ZrYrUdEHe4UxvTHrBmlLManilJbFdkjNvY=" Size="27003"/><Block Hash="i4B8Ir1Q443W1OAui5il+uFY1s0iIIj5e17jb7cFkFE=" Size="32149"/><Block Hash="DLHBkBtaVX9JDabLuZDEhHiR23BVQj4Na20t+qM8VCo=" Size="55526"/><b4:FileHash Hash="3Js2QYbpdzHpjgp0Dca86kwij49ONGnzHThEGdJL0WI="/></File><File Name="VFS\ProgramFilesX86\Narula\NLock\NLock.Unlock.dll" Size="804864" LfhSize="79"><Block Hash="iDRYnES5U9mPlHOq1wVLxToSmUOZmFI17SHu5g/cTfc=" Size="53231"/><Block Hash="pjEJuZR2uH4qpazINsKooL5p8Acun6zwzrYqkQtAFz8=" Size="65517"/><Block Hash="Au0q3d1gREnPx0CFuRzlUq/qPZ59uDtbHBfj3GLGA80=" Size="65532"/><Block Hash="hrz4redQ2AHJnq0MVl0guu6IFSxAQ9rvroHmMLP435A=" Size="65561"/><Block Hash="YnmncKsTHGY7FegBkHtgZzspXd0gUPf1Y3r8jYbuVQ0=" Size="65549"/><Block Hash="lH+WqbNU/s35MmMUH6idOGD1ElXL89wvc2BytBIIGkA=" Size="42669"/><Block Hash="xscNNkfhiB6kzhGhSb6xqkbod6jE0l4I/UbSjSJzLis=" Size="26796"/><Block Hash="kO8QaayhVKI8NiNpSuSHHZwP0JdgRXIwyOB4vEK3dj0=" Size="34688"/><Block Hash="CYKLkeXhkl9ISM8L51HwD4HFnp7RX6aZ4kksbvcUQTs=" Size="58983"/><Block Hash="8E8efl7/LZYUvM0EeSTDxIeMDXDfAuSjFotkdFdr1xE=" Size="30434"/><Block Hash="5PZCyN5pGdDZsERk8VmGvW1SvPWrG8jnHWCIS2Qm8PE=" Size="26168"/><Block Hash="q/46RhnQL5y1SkQWfcZdD9zyVbzKuj2cPXUugfPxodY=" Size="53314"/><Block Hash="YsWW+jhlfCSguyOpk0tVHygELsuJaClgC9RRU8LfIuU=" Size="16732"/><b4:FileHash Hash="VrKbc1e06J+L61SkoCLsn/ojdxes2TOJ+LUYl/Z/Gx4="/></File><File Name="VFS\ProgramFilesX86\Narula\NLock\NLock-Unlock.png" Size="272379" LfhSize="79"><Block Hash="ct8qmulWZOtvwUuGjsUz7zKdbPfwsPdOHOhRxqWYL/8="/><Block Hash="3JohnQG5Goo9R4O8s8twsqbHIFwhd/fVusZh7iEuaIQ="/><Block Hash="i7p3EVxjhfFpiCzIecJToJm44K4d6rmAsO9I3475vaQ="/><Block Hash="hKKPSneTk+Rg6xhA5EgdyKEB1HS5FmcM28B7RGilBlc="/><Block Hash="lOD2p5b7h53IeFYASDELXtuIqmuO+RHqF2NODSeWtd4="/><b4:FileHash Hash="YiTBKG/L1KvydFcOwGbFhdi5yvpvcRzEFTdY/STgwFI="/></File><File Name="VFS\ProgramFilesX86\Narula\NLock\NLock.ico" Size="239277" LfhSize="72"><Block Hash="ab0jZpLIqBaneUW+yxK6x22k2LVrHU+9XlGrr0zVxy8=" Size="34857"/><Block Hash="ms6ZK/2/Azs7iAmcltFHf7HNGk0PSewl7bRZFT+eGL8=" Size="32317"/><Block Hash="oHszh/02xYz960n2ax9sMAo4jQ6RLz0/vphJcqZsaFA=" Size="46036"/><Block Hash="P5PgP7L6C2hVB1qGuct1yY29lzIt1LuB0n8P4bRpowU=" Size="42689"/><b4:FileHash Hash="rPA69fVaAO5S/pqfOGzLVAnGbEknu+L6T15gzT2RVjU="/></File><File Name="VFS\ProgramFilesX86\Narula\NLock\NLock.Lock.deps.json" Size="2321" LfhSize="83"><Block Hash="3DcgCwEyd6pHYsXheK7zGtvB/SpS8yN/au7E2ciRHFo=" Size="626"/></File><File Name="VFS\ProgramFilesX86\Narula\NLock\Setup_Banner.bmp" Size="105054" LfhSize="79"><Block Hash="OLXhkbjpH5sJ//8NYjujseY/jtdJOsdbVgvib8LAUMg=" Size="6092"/><Block Hash="8yzR6rHFtic6n4dZu+uYP4lIfciC2aBGL6vTsf2gmP4=" Size="2114"/><b4:FileHash Hash="+Kl39v4og+y0SZBIAiKFw648OSe7Kp3G9wyeERI/sW4="/></File><File Name="VFS\ProgramFilesX86\Narula\NLock\NLock.Lock.runtimeconfig.json" Size="516" LfhSize="92"><Block Hash="BZF7QJ1ZrzG8jTAhvAYwKgwhx9BbRJYD1syfAwGitmw=" Size="275"/></File><File Name="VFS\ProgramFilesX86\Narula\NLock\NLock.Lock.dll" Size="571392" LfhSize="77"><Block Hash="Huo6Sdo8RRRrLZb3K84ppcnYf2Qj1LAWx///+qTHZQA=" Size="32755"/><Block Hash="v0omxfoi9NFsnGK+eoH2uorowuP7uln/C8DyTcavZp4=" Size="31164"/><Block Hash="P9jOwET3cnbBxuJZlkW/22cAeNxTW4pN/KvV/XMtIIM=" Size="29698"/><Block Hash="5n6YzF7qcWDpsuAHm/FBPfKLqy/lcBZaK6osB+jFF7k=" Size="63315"/><Block Hash="dRBL9LMEP1jRy4AtGRybBiKltSXOQ7JhBHcrWzBKhz4=" Size="63551"/><Block Hash="VYxJriVUgyg+C8YYo0+kwhwQpfFTQSrGBXf/HN/ZNqE=" Size="34774"/><Block Hash="TaQ4Kdj4YyGg7665kgtgLzSt4Ah3ssrQUjZto7wR2fQ=" Size="32204"/><Block Hash="WnDjnW6qevtWoWGXKw2utiasjBzXZAynldRMvLAR++w=" Size="45172"/><Block Hash="hT9ZXStyE3YMszFJTld88B71HXRNcHURnpAGRGutcbk=" Size="45672"/><b4:FileHash Hash="t5bInxO8bLsSgGHI2NXMGqGX56TfNKB3Rc1BVtMbZmA="/></File><File Name="VFS\AppData\Microsoft\Installer\{387710AE-06C0-4403-B9D2-6086845FEFAF}\_853F67D554F05449430E7E.exe" Size="239277" LfhSize="132"><Block Hash="Tr7AEpKEQ7F2sZkAXPSoRXNB8Koa8TS9GaYcg3HiYQQ=" Size="34843"/><Block Hash="cEbwuGMRTth/muFrBaeyTNg2x48x3j8ElnmfBQww1+0=" Size="32315"/><Block Hash="xL0BeVSg+uBWhnyYN5GHgBuTJ6b3psUaV7n3qHdEsiM=" Size="46036"/><Block Hash="P5PgP7L6C2hVB1qGuct1yY29lzIt1LuB0n8P4bRpowU=" Size="42689"/><b4:FileHash Hash="NsiJc+deJ/BcQ7dqjEqE/KN17B1PUWszGLaenyxjws4="/></File><File Name="VFS\AppData\Microsoft\Installer\{387710AE-06C0-4403-B9D2-6086845FEFAF}\_3116D6B5DB140DE910FC16.exe" Size="239277" LfhSize="132"><Block Hash="Tr7AEpKEQ7F2sZkAXPSoRXNB8Koa8TS9GaYcg3HiYQQ=" Size="34843"/><Block Hash="cEbwuGMRTth/muFrBaeyTNg2x48x3j8ElnmfBQww1+0=" Size="32315"/><Block Hash="xL0BeVSg+uBWhnyYN5GHgBuTJ6b3psUaV7n3qHdEsiM=" Size="46036"/><Block Hash="P5PgP7L6C2hVB1qGuct1yY29lzIt1LuB0n8P4bRpowU=" Size="42689"/><b4:FileHash Hash="NsiJc+deJ/BcQ7dqjEqE/KN17B1PUWszGLaenyxjws4="/></File><File Name="VFS\AppData\Microsoft\Installer\{387710AE-06C0-4403-B9D2-6086845FEFAF}\_3C1661A4337DDAE6BE0B7F.exe" Size="227239" LfhSize="132"><Block Hash="N3uWqWDJD3Z1BW6lDQFox4zRj58HdRucwUVHzsCCdu4=" Size="31304"/><Block Hash="gzNwPucXYI/xS4YXEuBtUlAIUhs3Tr1KmoxZYHVEJE4=" Size="29040"/><Block Hash="+nt+MCF3Fgg/pfkrkwtxOWgb8wpU+NG1GdUSPQjoQiQ=" Size="43913"/><Block Hash="mQQwy3d0MRS3/G+RvrvGEduWLD1b2cQHGOc7tLpqx3k=" Size="30642"/><b4:FileHash Hash="aLPCnOr6N+Tntm/b4koW07r0XDeKgiyjHyiEwEx+fwc="/></File><File Name="VFS\Programs\NLock\Lock.lnk" Size="3045" LfhSize="57"><Block Hash="Ny4pc+u47QM5T5b2nUSh/XEx+M7/U1EI1407cCnrZLo=" Size="825"/></File><File Name="VFS\Programs\NLock\NLock Unlock.lnk" Size="3063" LfhSize="67"><Block Hash="6DmJBP3ckxtJG8NQnCWeESIURbLQodKZXnhAg6Yz7/M=" Size="837"/></File><File Name="Registry.dat" Size="94208" LfhSize="42"><Block Hash="Q9qwbd1a665Jn2LFovZkvIxxDLYdtTEimO+d/HYOgY8=" Size="17690"/><Block Hash="wb86DBGTRCE9+UkG4Yf++5vh8CvZCwnE9iS+3YBDLDQ=" Size="3630"/><b4:FileHash Hash="mcnwiNqWd2AdRmKMr/1SpPHAIwssYyhSDZbFPKX7hSY="/></File><File Name="Assets\StoreLogo.scale-100.png" Size="2894" LfhSize="60"><Block Hash="ig+LpTYMxQatU7ypx4fzLFFan42ALTzsfCAEDlWJTE8="/></File><File Name="Assets\StoreLogo.scale-125.png" Size="4358" LfhSize="60"><Block Hash="79CsY5M/tun+wGXKf83z6PAq6AvFZqri7xA1fZkrkZs="/></File><File Name="Assets\StoreLogo.scale-150.png" Size="6813" LfhSize="60"><Block Hash="BL6JjQVCY3IybaWjmMSu7WpNyQiEIIm/Ibzv7JhsfKg="/></File><File Name="Assets\StoreLogo.scale-200.png" Size="11544" LfhSize="60"><Block Hash="Jgi2e2HJqtSte8Cg5lrmON6KBl0B2vAR7E2H6b9+8q0="/></File><File Name="Assets\StoreLogo.scale-400.png" Size="39228" LfhSize="60"><Block Hash="8mL3LKo8yMfX/8UzM0zypImq/Uo96ldF+Mt5glHQzYw="/></File><File Name="Assets\NLOCK-Square44x44Logo.scale-100.png" Size="2340" LfhSize="72"><Block Hash="zSYIIeg5axjgH/7cO2NK8dreGUqsbbnIiHO9aaBsoms="/></File><File Name="Assets\NLOCK-Square44x44Logo.scale-125.png" Size="3405" LfhSize="72"><Block Hash="nQFDoSN8kd2sMmLFS/3+Dj6lqhap87TIIe8To1CYQxg="/></File><File Name="Assets\NLOCK-Square44x44Logo.scale-150.png" Size="5561" LfhSize="72"><Block Hash="Kv0zchG8yIYZQCh9wPjM9VSpBzE6Mu01AxZ2NpgpAh4="/></File><File Name="Assets\NLOCK-Square44x44Logo.scale-200.png" Size="9203" LfhSize="72"><Block Hash="AwPcyNUa2M7JluYdKJQNV4bHIB9quhbaYZFSiIfWJJA="/></File><File Name="Assets\NLOCK-Square44x44Logo.scale-400.png" Size="31115" LfhSize="72"><Block Hash="GYMAIzi1It/F4BOuhcx6tSK/De4Hnoi9LMiQ/1iokNU="/></File><File Name="Assets\NLOCK-Square44x44Logo.targetsize-16.png" Size="959" LfhSize="76"><Block Hash="Hl/oGIgLkqRcBH4xcXyq4Lfiwvpl4LDQfuiiY4q6PPM="/></File><File Name="Assets\NLOCK-Square44x44Logo.targetsize-16_altform-unplated.png" Size="959" LfhSize="93"><Block Hash="Hl/oGIgLkqRcBH4xcXyq4Lfiwvpl4LDQfuiiY4q6PPM="/></File><File Name="Assets\NLOCK-Square44x44Logo.targetsize-24.png" Size="1388" LfhSize="76"><Block Hash="40K9Emh2I4A0IjFHUcJh7WsT+H3hQoAN9z7E/SYPvGc="/></File><File Name="Assets\NLOCK-Square44x44Logo.targetsize-24_altform-unplated.png" Size="1388" LfhSize="93"><Block Hash="40K9Emh2I4A0IjFHUcJh7WsT+H3hQoAN9z7E/SYPvGc="/></File><File Name="Assets\NLOCK-Square44x44Logo.targetsize-32.png" Size="2685" LfhSize="76"><Block Hash="53wpai308CQifS0gJpd+sn001CORf3Cnro4FRoXwp74="/></File><File Name="Assets\NLOCK-Square44x44Logo.targetsize-32_altform-unplated.png" Size="2685" LfhSize="93"><Block Hash="53wpai308CQifS0gJpd+sn001CORf3Cnro4FRoXwp74="/></File><File Name="Assets\NLOCK-Square44x44Logo.targetsize-48.png" Size="5281" LfhSize="76"><Block Hash="UhrcBwhs15dHjeUhRE8lMGSA1/DZyYX3U5rTRoc42rY="/></File><File Name="Assets\NLOCK-Square44x44Logo.targetsize-48_altform-unplated.png" Size="5281" LfhSize="93"><Block Hash="UhrcBwhs15dHjeUhRE8lMGSA1/DZyYX3U5rTRoc42rY="/></File><File Name="Assets\NLOCK-Square44x44Logo.targetsize-256.png" Size="100296" LfhSize="77"><Block Hash="9OhTmbstC/IQaW19B9sgvghQeNZ2VrX4F013yXEXwzw="/><Block Hash="xRnsNHWZ6yi8eVT+WU//KTZzELu57YtTzGngZNWqLEs="/><b4:FileHash Hash="kju8OBbQK+VG7EBvO9f8yn/wA2lWZCW+jjkRPivTBF0="/></File><File Name="Assets\NLOCK-Square44x44Logo.targetsize-256_altform-unplated.png" Size="100296" LfhSize="94"><Block Hash="9OhTmbstC/IQaW19B9sgvghQeNZ2VrX4F013yXEXwzw="/><Block Hash="xRnsNHWZ6yi8eVT+WU//KTZzELu57YtTzGngZNWqLEs="/><b4:FileHash Hash="kju8OBbQK+VG7EBvO9f8yn/wA2lWZCW+jjkRPivTBF0="/></File><File Name="Assets\NLOCK-Square71x71Logo.scale-100.png" Size="2598" LfhSize="72"><Block Hash="cElQXKog32G5nG34vDxyT1LzGG9t1klOFOp6mAsQero="/></File><File Name="Assets\NLOCK-Square71x71Logo.scale-125.png" Size="3955" LfhSize="72"><Block Hash="D+Q5/F1wVkcVxhDjxT18uAi/oUcTyXF4m2EnGsju4h0="/></File><File Name="Assets\NLOCK-Square71x71Logo.scale-150.png" Size="6407" LfhSize="72"><Block Hash="3nSGjoF6JrfHY75ju+/9ZOBHoWpqyz8KvY2rELjUhKU="/></File><File Name="Assets\NLOCK-Square71x71Logo.scale-200.png" Size="10568" LfhSize="72"><Block Hash="NcBLkLKZ5AeUVlQGdCw4l6r3n97zbCmgG5YWtdQnPJw="/></File><File Name="Assets\NLOCK-Square71x71Logo.scale-400.png" Size="36453" LfhSize="72"><Block Hash="hJAjB3VChJHxXlP6Hk3R1vXdZ6XK8mc6S7CL1W3DJvY="/></File><File Name="Assets\NLOCK-Square150x150Logo.scale-100.png" Size="11805" LfhSize="74"><Block Hash="rkpOv50VoxlU3atl4PtcWt67/8ywhO/5Bt4lqCNaOWo="/></File><File Name="Assets\NLOCK-Square150x150Logo.scale-125.png" Size="17246" LfhSize="74"><Block Hash="ic99OElJ6xhLUHElMQUPzH/TX4gl0KYX5ezdg9FxqZU="/></File><File Name="Assets\NLOCK-Square150x150Logo.scale-150.png" Size="23661" LfhSize="74"><Block Hash="qJfXN01oL8p97EZEpsCyM/aZ+NTL9W8L1kc/fCtnafo="/></File><File Name="Assets\NLOCK-Square150x150Logo.scale-200.png" Size="40385" LfhSize="74"><Block Hash="v+SYwTM7RK+ZZHaGVLkGjJTAlZdAEnVom0Mmdss3fv4="/></File><File Name="Assets\NLOCK-Square150x150Logo.scale-400.png" Size="139956" LfhSize="74"><Block Hash="GwAR6LwxZlopgiACkQKeEskc/J75FbaZhiLK29kSYE0="/><Block Hash="zJpxy/SJ1BeCB2OQiHqVEzNCJ0ea3R5uE8mzUMpmiYs="/><Block Hash="500h1/R5YajW1uySOoRBh/LzGIV5PnolzS57a6KzbQ0="/><b4:FileHash Hash="OhzaDBjuB8yj0WQFBfdu0hSWcQk8Sk/8kd8QcWJaGKA="/></File><File Name="Assets\NLOCK-Square310x310Logo.scale-100.png" Size="42884" LfhSize="74"><Block Hash="kcttQd6I7dP6P1sYdXd6H6L52FFpNswAdVg5uMtUQ3o="/></File><File Name="Assets\NLOCK-Square310x310Logo.scale-125.png" Size="64343" LfhSize="74"><Block Hash="YkJSamjuw8lwWkqPRedSdAatSda83TU1SbF3mfjmepo="/></File><File Name="Assets\NLOCK-Square310x310Logo.scale-150.png" Size="88676" LfhSize="74"><Block Hash="5NPSEZM7xe+f0UCylfNtHziqCvDDtXep1K585snQLt8="/><Block Hash="G9HavpNam8b/niiLR/y8qGlqVe0TPK877KqWRJqA9VU="/><b4:FileHash Hash="yNyyEHQaWKToGq65qXk1fVBFtW10QZJPQk1wCpvReCw="/></File><File Name="Assets\NLOCK-Square310x310Logo.scale-200.png" Size="146967" LfhSize="74"><Block Hash="RfouajFO9BK2zcsLYcc1dff2dDtuAiN8UTpsnBtte1o="/><Block Hash="QmmZ5ildFoHrjFKlX+T89QGpJhbYADekrwe0X269QjI="/><Block Hash="9+wnst4UZQEPW4blfjUWacJACtgfrJmABisc6LHyKg0="/><b4:FileHash Hash="eCD9YG/MHjn6rtU+rpPZ1e8loT1nkFP386ilybRVgcs="/></File><File Name="Assets\NLOCK-Wide310x150Logo.scale-100.png" Size="12138" LfhSize="72"><Block Hash="Gcy/3k+GIQMpw274mWJlJdMbGK4c7vxPrXj5Rg5aIbA="/></File><File Name="Assets\NLOCK-Wide310x150Logo.scale-125.png" Size="17868" LfhSize="72"><Block Hash="ZPZ7/cqWTMWN7VS6cnq3wZ2dNXhdIZV8q6ne8leQ6cU="/></File><File Name="Assets\NLOCK-Wide310x150Logo.scale-150.png" Size="24536" LfhSize="72"><Block Hash="CbBEKBYeVJPhfjvEHg49AJH2s7EretWuvKS3C3SZISI="/></File><File Name="Assets\NLOCK-Wide310x150Logo.scale-200.png" Size="42163" LfhSize="72"><Block Hash="qKGCg4Ym0+0uSzHo0YAEQFjlgIbSYr7bKawsDhHuqPY="/></File><File Name="Assets\NLOCK-Wide310x150Logo.scale-400.png" Size="147030" LfhSize="72"><Block Hash="tAct+rMowEY0Nyf9w1FSY1KHH+teRogyguiQb0op99U="/><Block Hash="kGS1/8hh/ZIvIN9jU7ilNATMAjw95Xfxw9or5eJkoXM="/><Block Hash="a+u73fybaAG0gTaRqhyTCXKdZ6Ya3K/rMHASsD3cy0o="/><b4:FileHash Hash="eHNIDzjB7fc3YSQQCGlt0MOgYe0AOJBLhn8SIutRNWE="/></File><File Name="Assets\NLOCK00-Square44x44Logo.scale-100.png" Size="2122" LfhSize="74"><Block Hash="e+bL9g/zY86fSOkl8pXc2ZsXtGr83vjyC5fhbI8PH5Q="/></File><File Name="Assets\NLOCK00-Square44x44Logo.scale-125.png" Size="3004" LfhSize="74"><Block Hash="aJ6bSRmfNR5Ao0nrvAX9hQz8U9HrhfhPb0UUy/VDhVc="/></File><File Name="Assets\NLOCK00-Square44x44Logo.scale-150.png" Size="5103" LfhSize="74"><Block Hash="vZnSLQevBk8HSUpEZpdd1LjI5LUYR2PjxL7X2dUwwE0="/></File><File Name="Assets\NLOCK00-Square44x44Logo.scale-200.png" Size="8323" LfhSize="74"><Block Hash="dm/08W6hvK2C3sFM6UIie7QCCm+mzxRBPKpFprsc5n0="/></File><File Name="Assets\NLOCK00-Square44x44Logo.scale-400.png" Size="27290" LfhSize="74"><Block Hash="HWNwOjqOduUYGnn5McZAJp2wpYVTx/Lnz6WYptRfjIw="/></File><File Name="Assets\NLOCK00-Square44x44Logo.targetsize-16.png" Size="902" LfhSize="78"><Block Hash="xeiFrUT5oW2xjnNgeumZgCrvmW5vVtyE7cjAZoVmShs="/></File><File Name="Assets\NLOCK00-Square44x44Logo.targetsize-16_altform-unplated.png" Size="902" LfhSize="95"><Block Hash="xeiFrUT5oW2xjnNgeumZgCrvmW5vVtyE7cjAZoVmShs="/></File><File Name="Assets\NLOCK00-Square44x44Logo.targetsize-24.png" Size="1265" LfhSize="78"><Block Hash="Mtefj/fQTGS3KzI/icadu27jF/6fvVUv1/RVkHHnurg="/></File><File Name="Assets\NLOCK00-Square44x44Logo.targetsize-24_altform-unplated.png" Size="1265" LfhSize="95"><Block Hash="Mtefj/fQTGS3KzI/icadu27jF/6fvVUv1/RVkHHnurg="/></File><File Name="Assets\NLOCK00-Square44x44Logo.targetsize-32.png" Size="2525" LfhSize="78"><Block Hash="WchrK9Ix9ORKSc606FeaggLvR0Z+yU2Xh+SfQukdTO8="/></File><File Name="Assets\NLOCK00-Square44x44Logo.targetsize-32_altform-unplated.png" Size="2525" LfhSize="95"><Block Hash="WchrK9Ix9ORKSc606FeaggLvR0Z+yU2Xh+SfQukdTO8="/></File><File Name="Assets\NLOCK00-Square44x44Logo.targetsize-48.png" Size="4822" LfhSize="78"><Block Hash="NO83DaFu76eZpbLYl8PEMsUK7nemlGZd9vJ07SdGcfI="/></File><File Name="Assets\NLOCK00-Square44x44Logo.targetsize-48_altform-unplated.png" Size="4822" LfhSize="95"><Block Hash="NO83DaFu76eZpbLYl8PEMsUK7nemlGZd9vJ07SdGcfI="/></File><File Name="Assets\NLOCK00-Square44x44Logo.targetsize-256.png" Size="86310" LfhSize="79"><Block Hash="a8gTaIGF4+xyrJ8opYLO5QAjTNRqRFkslp4BdNY1NPk="/><Block Hash="kHt5dS06zS1OpJR7U79+QvLNkjpb1JhlT8PEdGsfTlo="/><b4:FileHash Hash="UC1F7QvtxysHCBCSF6/sU0WlEY2f6dRxVsx+JfsgxzE="/></File><File Name="Assets\NLOCK00-Square44x44Logo.targetsize-256_altform-unplated.png" Size="86310" LfhSize="96"><Block Hash="a8gTaIGF4+xyrJ8opYLO5QAjTNRqRFkslp4BdNY1NPk="/><Block Hash="kHt5dS06zS1OpJR7U79+QvLNkjpb1JhlT8PEdGsfTlo="/><b4:FileHash Hash="UC1F7QvtxysHCBCSF6/sU0WlEY2f6dRxVsx+JfsgxzE="/></File><File Name="Assets\NLOCK00-Square71x71Logo.scale-100.png" Size="2316" LfhSize="74"><Block Hash="ldEXO48QfMdvmOwTqAH6CuDZ5ZIrFgbb6bqYgf0e2NY="/></File><File Name="Assets\NLOCK00-Square71x71Logo.scale-125.png" Size="3466" LfhSize="74"><Block Hash="40snKMKT1cyT1KIgb8UDOL8GitTivShtJ3KiXUX/x/M="/></File><File Name="Assets\NLOCK00-Square71x71Logo.scale-150.png" Size="5959" LfhSize="74"><Block Hash="LrvoiwmQ8+6FGpr7xI3wgrb++1llbzAK8NoNyNkALC4="/></File><File Name="Assets\NLOCK00-Square71x71Logo.scale-200.png" Size="9528" LfhSize="74"><Block Hash="lzPN7rEPgcVRPHJ5eJ2WZU6pKfhnJ77bEVyu10mcesg="/></File><File Name="Assets\NLOCK00-Square71x71Logo.scale-400.png" Size="32203" LfhSize="74"><Block Hash="TF0qiiAZ2w52rjNP4QIfIE68QKBtC1OBvPbBuDuQ+AY="/></File><File Name="Assets\NLOCK00-Square150x150Logo.scale-100.png" Size="10624" LfhSize="76"><Block Hash="YZUeWXpijyeRs4qu+bVCfOV3BkBfkR4KnPXKusucxDc="/></File><File Name="Assets\NLOCK00-Square150x150Logo.scale-125.png" Size="15278" LfhSize="76"><Block Hash="M9MTVZXtXb3GytTrztl2rbzd9U5gDOILHJDoPCCOqXg="/></File><File Name="Assets\NLOCK00-Square150x150Logo.scale-150.png" Size="20895" LfhSize="76"><Block Hash="PD7436o84WWL5B1kw+aMPq+hhOE4++g2oCJvUuEcUCQ="/></File><File Name="Assets\NLOCK00-Square150x150Logo.scale-200.png" Size="35084" LfhSize="76"><Block Hash="wK5jo3m8pGJbgy1JGTOzi+ABJ5dX6F3/ShBZKSVZA/4="/></File><File Name="Assets\NLOCK00-Square150x150Logo.scale-400.png" Size="120708" LfhSize="76"><Block Hash="zmz28Sx7Fuq7Be7O5YjQP3lj2wAagnaVQSBs4volaLc="/><Block Hash="4mKpwhhRUJXooK+mb5R3+LeJF6BzQEdd5D97+xulCZ8="/><b4:FileHash Hash="0JpGy8wPme8Ay4dQJZr9/59Talruoxxo8wRTHnx8iGQ="/></File><File Name="Assets\NLOCK00-Square310x310Logo.scale-100.png" Size="37202" LfhSize="76"><Block Hash="gTzgYYg/bM//2rFtIbnc2+X2383ovzJbHu7EgeO2B5I="/></File><File Name="Assets\NLOCK00-Square310x310Logo.scale-125.png" Size="56135" LfhSize="76"><Block Hash="UAffirY6b5/tj0+gXiPrqtlL+5u8BptNLNZAvpTSfxA="/></File><File Name="Assets\NLOCK00-Square310x310Logo.scale-150.png" Size="76363" LfhSize="76"><Block Hash="PXDGeKWnWHvicR/DWW58UGlbzI7eI/PThsuC2ltuxsQ="/><Block Hash="k1gGE5nHbDPh/iCq7JuTFgWCLyIzOBhMD9A/6vpXSqk="/><b4:FileHash Hash="MHW4OxZFXS6NAqKmcOrscR61WZgaMJ1jRDMwZFBY2bA="/></File><File Name="Assets\NLOCK00-Square310x310Logo.scale-200.png" Size="127467" LfhSize="76"><Block Hash="hYWeu3uQ4B9sf7XlyGFitj07448Tz0QFgAPsBah20aE="/><Block Hash="eq0K5mZg2h5QJZ0XX8MMNqhTTJoxXYMaPRCy3tzk04U="/><b4:FileHash Hash="4xk5ujxcPOyQ5iL+NNYCz33/xTiZPJ3+3hK8Ibo4Pvc="/></File><File Name="Assets\NLOCK00-Wide310x150Logo.scale-100.png" Size="10989" LfhSize="74"><Block Hash="WgqXgLRVjDi8fdmKdXs6J+AjCQ76+aMZiBDNbBWcPos="/></File><File Name="Assets\NLOCK00-Wide310x150Logo.scale-125.png" Size="15878" LfhSize="74"><Block Hash="VLDUf1AWg64b/v8QwFIWgkWnBIJ266z0gxbkWAbgiL8="/></File><File Name="Assets\NLOCK00-Wide310x150Logo.scale-150.png" Size="21790" LfhSize="74"><Block Hash="L89uA3I5Rj/izviutF+ZkwrwPwmsk+0acp4KPT82kuE="/></File><File Name="Assets\NLOCK00-Wide310x150Logo.scale-200.png" Size="36774" LfhSize="74"><Block Hash="LfdOwkgNKfzqIWhSddmQtCkZjitZsnkSMsmJKlU2vjw="/></File><File Name="Assets\NLOCK00-Wide310x150Logo.scale-400.png" Size="128138" LfhSize="74"><Block Hash="VV5qvqCCbteKG2w74CZaRlXr0BiuaUBgPkMqcdj527c="/><Block Hash="n0F41riGHi9EpVw19i3T/xQtpfEOqdol5HXEgrXGBAE="/><b4:FileHash Hash="TB3NNFNBCGf8irkozg6nfPvUIHCaaSx8djQDWOSDBVE="/></File><File Name="Resources.pri" Size="7432" LfhSize="43"><Block Hash="9JWJ329vgzuEzoMjX5jE5KiFp0jL4WiOoAGNoA5fqlE=" Size="1516"/></File><File Name="User.dat" Size="65536" LfhSize="38"><Block Hash="gyFDDtjZYRsQkVS0/3AmjLtOQVYtszfDhtfrGZ27tLs=" Size="13129"/></File><File Name="UserClasses.dat" Size="20480" LfhSize="45"><Block Hash="VkPCDPyrbbOYqKY5PaFittFIv1x+1zSjnA5W+RvaGTw=" Size="2798"/></File><File Name="AppxManifest.xml" Size="3622" LfhSize="46"><Block Hash="gTUFnlirgjYS0bihuYOE9mCW4CYLsTpO84KDZZKmC7A=" Size="1112"/></File></BlockMap>